sequence,label
MKRKDEKRASMYCDEKRKLMNPQRSTVWYACDEFGHIKLMNPQRSTVWYKRDEKRASMYC,cancerous
MDEKRHDEKRHMYCAVILMFWYPPQRSTDEKRHDEKRHACDEFGHIKLMNPQRSTVWY,cancerous
MKLMNPQRSTVWYDEKRDEKRASMYCFGHIKLMNPQRSTVWYDEKRHDEKRHSTNQ,cancerous
MKRASMYCDEKRHSTNQACDEFGHIKLMNPQRSTVWYDEKRDEKRHMYCAVILMF,cancerous
MDEKRASDEKRHMYCKRHACDEFGHIKLMNPQRSTVWYKRHDEKRASMYCSTNQ,cancerous
MKDEKRASMYCDEKRHACDEFGHIKLMNPQRSTVWYKRHDEKRASMYCSTNQKRH,cancerous
MKRHDEKRHDEKRASMYCACDEFGHIKLMNPQRSTVWYDEKRASMYCKRHSTNQ,cancerous
MDEKRDEKRHMYCASACDEFGHIKLMNPQRSTVWYKRHDEKRHMYCASSTNQ,cancerous
MKRCDEKRASMYCDEKRACDEFGHIKLMNPQRSTVWYDEKRHKRASMYCSTNQ,cancerous
MKRASMYCKRHDEKRACDEFGHIKLMNPQRSTVWYDEKRHDEKRASMYCAVIL,cancerous
MDEKRHMYCDEKRASACDEFGHIKLMNPQRSTVWYKRHDEKRHMYCASTVWY,cancerous
MKRHDEKRASDEKRHACDEFGHIKLMNPQRSTVWYMYCDEKRHDEKRASSTNQ,cancerous
MDEKRKRASMYCDEKRHACDEFGHIKLMNPQRSTVWYDEKRHKRHMYCSTNQ,cancerous
MKRASDEKRHMYCDEKRACDEFGHIKLMNPQRSTVWYKRHDEKRASMYCSTWY,cancerous
MDEKRHDEKRASMYCKRHACDEFGHIKLMNPQRSTVWYDEKRHMYCDEKRSTN,cancerous
MKDEKRHMYCDEKRASACDEFGHIKLMNPQRSTVWYKRHDEKRASMYCSTNQA,cancerous
MKRASMYCDEKRDEKRHACDEFGHIKLMNPQRSTVWYDEKRHMYCKRHSTNQ,cancerous
MDEKRASMYCKRHDEKRACDEFGHIKLMNPQRSTVWYKRHDEKRHMYCSTNQ,cancerous
MKHDEKRASMYCDEKRACDEFGHIKLMNPQRSTVWYDEKRKRHMYCASTNQ,cancerous
MKRASMYCDEKRHDEKRACDEFGHIKLMNPQRSTVWYKRHDEKRASMYCSTN,cancerous
MDEKRHKRASMYCDEKRACDEFGHIKLMNPQRSTVWYDEKRHMYCKRHSTN,cancerous
MKRASDEKRHDEKRMYCACDEFGHIKLMNPQRSTVWYKRASMYCDEKRHST,cancerous
MDEKRASMYCDEKRHKRHACDEFGHIKLMNPQRSTVWYDEKRHDEKRASMY,cancerous
MKDEKRASMYCKRHDEKRACDEFGHIKLMNPQRSTVWYDEKRASMYCSTNQ,cancerous
MKRHDEKRASMYCDEKRHACDEFGHIKLMNPQRSTVWYKRASDEKRHMYC,cancerous
MAVILMFWYPSTNQSTNQACDEFGHIKLMNPQRSTVWYAVILMFWYPSTNQSTNQ,non_cancerous
MGGAVILSTNQAVILMFWYPACDEFGHIKLMNPQRSTVWYGGSTNQAVILMFWY,non_cancerous
MSTNQAVILMFWYPGGACDEFGHIKLMNPQRSTVWYSTNQAVILMFWYPGG,non_cancerous
MAVILMFWYPGGSTNQACDEFGHIKLMNPQRSTVWYAVILMFWYPGGSTNQ,non_cancerous
MGGPPSTNQAVILMFWYACDEFGHIKLMNPQRSTVWYGGPPSTNQAVILMFWY,non_cancerous
MSTNQGGAVILMFWYPACDEFGHIKLMNPQRSTVWYSTNQGGAVILMFWYP,non_cancerous
MAVILGGSTNQSTNQACDEFGHIKLMNPQRSTVWYAVILGGSTNQSTNQ,non_cancerous
MGGSTNQAVILMFWYPACDEFGHIKLMNPQRSTVWYGGSTNQAVILMFWYP,non_cancerous
MSTNQAVILGGPPACDEFGHIKLMNPQRSTVWYSTNQAVILGGPPAVIL,non_cancerous
MAVILMFWYPGGSTNQACDEFGHIKLMNPQRSTVWYGGAVILMFWYPSTNQ,non_cancerous
MGGAVILMFWYPSTNQACDEFGHIKLMNPQRSTVWYAVILMFWYPGGSTNQ,non_cancerous
MSTNQSTNQGGAVILMFWYPACDEFGHIKLMNPQRSTVWYSTNQGGAVIL,non_cancerous
MAVILMFWYPGGPPSTNQACDEFGHIKLMNPQRSTVWYAVILGGPPSTNQ,non_cancerous
MGGSTNQSTNQAVILMFWYPACDEFGHIKLMNPQRSTVWYGGSTNQAVIL,non_cancerous
MSTNQAVILMFWYPGGSTNQACDEFGHIKLMNPQRSTVWYSTNQAVILGG,non_cancerous
MAVILGGPPSTNQAVILMFWYACDEFGHIKLMNPQRSTVWYAVILSTNQ,non_cancerous
MGGAVILSTNQSTNQAVILMFWYPACDEFGHIKLMNPQRSTVWYGGAVIL,non_cancerous
MSTNQGGPPAVILMFWYACDEFGHIKLMNPQRSTVWYSTNQGGPPAVIL,non_cancerous
MAVILMFWYPAVILSTNQACDEFGHIKLMNPQRSTVWYGGSTNQAVIL,non_cancerous
MGGPPAVILMFWYPSTNQACDEFGHIKLMNPQRSTVWYGGPPSTNQ,non_cancerous
MSTNQAVILMFWYAVILGGACDEFGHIKLMNPQRSTVWYSTNQAVIL,non_cancerous
MAVILGGSTNQAVILMFWYPACDEFGHIKLMNPQRSTVWYAVILGGST,non_cancerous
MGGSTNQAVILMFWYPGGACDEFGHIKLMNPQRSTVWYGGSTNQAVIL,non_cancerous
MSTNQSTNQAVILMFWYPGGACDEFGHIKLMNPQRSTVWYSTNQSTNQ,non_cancerous
MAVILMFWYPGGAVILSTNQACDEFGHIKLMNPQRSTVWYAVILMFWY,non_cancerous
